idAuthorizedService,ServiceCompany,City,Phone,Email,Manager
1,Kuhlman-Lebsack,Castellon,410-995-5159,awarhurst0@over-blog.com,Alejandro Warhurst
2,Green-Price,Naples,467-645-2954,rgrimsditch1@nifty.com,Ray Grimsditch
3,Ebert LLC,Jersey,550-834-2754,odever2@altervista.org,Odessa Dever
4,Upton LLC,Elche,365-254-5716,pjarvis3@weather.com,Pavlov Jarvis
5,Morar Inc,Dundee,438-885-7036,ichecklin4@yellowpages.com,Inesita Checklin
6,Heller-Beahan,Utrecht,980-971-4124,nbarsby5@google.pl,Norbie Barsby
7,Purdy-Hintz,Hasselt,509-756-9201,cthornbarrow6@bbc.co.uk,Cord Thornbarrow
8,Haley Inc,Bilbao,438-818-1435,ltenman7@fotki.com,Lesli Tenman
9,"Jacobson, Mertz and Ferry",Coventry,971-253-4657,btemprell8@telegraph.co.uk,Britt Temprell
10,"Bernhard, Ortiz and Adams",Tallinn,603-208-6568,kshane9@utexas.edu,Kelvin Shane
11,Feest Inc,Lodz,174-664-6997,aslotta@cafepress.com,Amandi Slott
12,Wilderman LLC,Moscow,932-942-7598,etorrentb@nih.gov,Efren Torrent
13,"Friesen, Casper and Renner",Odessa,329-974-6720,msheepyc@ft.com,Mara Sheepy
14,Pouros Inc,Thessaloniki,234-621-2844,garcased@whitehouse.gov,Gaile Arcase
15,Zemlak Inc,Katowice,379-476-8807,smacfarlande@csmonitor.com,Salvatore MacFarland
16,Lubowitz-Rath,Gothenburg,394-566-3683,kmcdermottrowf@webnode.com,Katey McDermott-Row
17,Cormier-Nikolaus,Fontainebleau,298-990-7156,amaccafferyg@jigsy.com,Arlee MacCaffery
18,Leffler-Klocko,Hague,148-118-2949,jhuntarh@uol.com.br,Jasper Huntar
19,Robel LLC,Kiev,123-686-8405,rschleicheri@ezinearticles.com,Rosanna Schleicher
20,"Franecki, Huel and Roob",Aarhus,773-251-4030,jkenafaquej@uol.com.br,Joyous Kenafaque
21,"Zboncak, Donnelly and Renner",Calvi,777-739-3954,dsaddletonk@behance.net,Danica Saddleton
22,Kris Inc,Tirana,223-793-3787,beusdenl@economist.com,Bax Eusden
23,Stracke-Dibbert,Helsinki,541-722-4432,cnibleym@discovery.com,Colby Nibley
24,"Wisozk, Treutel and Homenick",Colchester,528-900-0477,cvann@blinklist.com,Cathlene Van Der Walt
25,Durgan-Bailey,Marseille,671-579-6121,mdutto@zdnet.com,Manolo Dutt
26,"Fay, Jenkins and West",Chester,825-379-3878,ndenkp@ehow.com,Neal Denk
27,"Schiller, Krajcik and Hayes",Badalona,228-859-4065,tscarffeq@jiathis.com,Tiffy Scarffe
28,Leannon Inc,Edinburgh,934-713-0549,lpimr@domainmarket.com,Latashia Pim
29,"Abernathy, Hermann and McCullough",Istanbul,662-855-3423,blightwings@xing.com,Billy Lightwing
30,"Marquardt, Jacobi and Padberg",Rotterdam,857-667-3660,ablakedent@shinystat.com,Augustina Blakeden
31,Hand-Dibbert,Haugesund,707-215-3861,ktuxsellu@yellowpages.com,Kalindi Tuxsell
32,Sawayn-Braun,Chania,158-126-2027,ltremontev@squidoo.com,Leonelle Tremonte
33,Grady-Kreiger,Sarajevo,450-689-0422,arudlandw@loc.gov,Astrix Rudland
34,Welch Group,Innsbruck,848-349-7107,kjordinex@netlog.com,Kizzee Jordine
35,"Ortiz, Nader and Rice",Frankfurt,830-444-2660,ppetticrewy@google.it,Pall Petticrew
36,"Boehm, Altenwerth and Hand",Z?rich,439-247-4379,dvasyukhichevz@google.com,Dani Vasyukhichev
37,"Greenfelder, Keebler and Tillman",Sofia,118-435-7181,fasipenko10@surveymonkey.com,Fidelio Asipenko
38,Connelly and Sons,Kefalonia,672-834-7486,rnavan11@engadget.com,Rosita Navan
39,Thiel Inc,Valencia,875-207-9232,alaight12@bluehost.com,Aleen Laight
40,Hansen and Sons,Budapest,780-835-8801,afenelon13@about.com,Alikee Fenelon
41,Beer LLC,Klaipeda,806-820-9351,nhanhardt14@nytimes.com,Netti Hanhardt
42,Larkin-Schuster,Harrogate,126-367-7228,gpoat15@bigcartel.com,Gabriello Poat
43,"Jenkins, Frami and Walter",Kiel,687-891-2902,nruffle16@soup.io,Nikolaus Ruffle
44,Boyer-Walker,Prague,917-613-6454,katyeo17@techcrunch.com,Karina Atyeo
45,Jenkins Group,Budapest,462-515-9542,mverrico18@shop-pro.jp,Merwin Verrico
46,Barton Group,Ankara,903-734-6549,hhumpherson19@hp.com,Halli Humpherson
47,"Hansen, Cummerata and Kiehn",Kaliningrad,973-160-4150,jmatyasik1a@chron.com,Juliane Matyasik
48,Schneider LLC,Bordeaux,417-244-6113,tstotherfield1b@mozilla.com,Thomasine Stotherfield
49,Auer and Sons,Bergen,638-531-6734,mvan1c@stumbleupon.com,Morty Van Geffen
50,"Watsica, Braun and Zboncak",Bari,924-351-6765,mkiehnlt1d@jiathis.com,Malvina Kiehnlt
51,Walker-Johnston,Cardiff,668-891-3330,tdagostini1e@list-manage.com,Trina D'Agostini
52,Grant-Walker,Dresden,938-615-6656,ohellicar1f@usda.gov,Odella Hellicar
53,Stracke LLC,Leipzig,585-540-2279,lwaddy1g@miitbeian.gov.cn,Leonie Waddy
54,Bosco-Medhurst,Glasgow,406-226-6613,rarnson1h@artisteer.com,Ruthann Arnson
55,Heathcote LLC,Groningen,212-396-8707,eoclery1i@va.gov,Edward O'Clery
56,Abbott LLC,Burgas,959-806-8087,mdoorly1j@nydailynews.com,Major Doorly
57,"Nienow, Spencer and Buckridge",Clermont-Ferrand,884-796-4860,ahowse1k@bluehost.com,Aguistin Howse
58,Emard and Sons,Porto,702-487-6400,bstorms1l@sogou.com,Burty Storms
59,Tromp-Prohaska,Birmingham,390-218-1655,dgooke1m@drupal.org,Delphinia Gooke
60,Prosacco-Bode,Eindhoven,818-111-5368,vdumbar1n@pcworld.com,Valina Dumbar
61,Zemlak LLC,Funchal,346-716-1699,djanic1o@shareasale.com,Damian Janic
62,Christiansen LLC,Bayonne,425-922-9844,dkibble1p@geocities.com,Darill Kibble
63,"Trantow, Boyer and Glover",Irun,298-846-4046,kmunford1q@prweb.com,Kimberli Munford
64,Graham and Sons,Czestochowa,660-646-8465,wwithers1r@uol.com.br,Wendall Withers
65,"Davis, Armstrong and Wisoky",Edinburgh,612-586-4932,rickovits1s@zdnet.com,Rhys Ickovits
66,Reinger-Fritsch,Dusseldorf,888-403-0871,ceede1t@bravesites.com,Carmen Eede
67,Muller LLC,Nice,326-428-2692,ijaggli1u@boston.com,Inesita Jaggli
68,Hessel-Renner,Bratislava,210-670-2198,ebeebee1v@rakuten.co.jp,Edie Beebee
69,"Runolfsdottir, Schuster and Boyer",Hull,912-413-6517,ahowsden1w@geocities.com,Angil Howsden
70,Weber-Corwin,Geneva,672-582-8224,bdinesen1x@people.com.cn,Britta Dinesen
71,Huel Group,Oslo,972-495-8644,dde1y@bravesites.com,Domenic De Few
72,"Russel, Hudson and Hamill",Limerick,937-604-3595,jgunnell1z@blinklist.com,Johnathon Gunnell
73,Ratke-Langworth,Frankfurt,412-571-8681,rovell20@creativecommons.org,Ree Ovell
74,Auer-Jast,Bologna,338-230-8892,bgresser21@fda.gov,Berky Gresser
75,Wiza-Watsica,Granada,411-314-7475,jturfitt22@angelfire.com,Jessamine Turfitt
76,"Bednar, Paucek and Graham",Duisburg,537-449-5360,hroot23@state.tx.us,Heddi Root
77,Sipes LLC,Brussels,566-659-6707,cbrickett24@instagram.com,Clarey Brickett
78,"Moen, Schowalter and Emard",Izmir,521-100-4338,shackford25@illinois.edu,Susan Hackford
79,Harvey-Wiza,Palermo,796-119-9008,vtaffee26@qq.com,Valeria Taffee
80,Stroman Group,Chambery,515-914-9817,cwightman27@blogtalkradio.com,Christopher Wightman
81,Waters and Sons,Aalborg,610-402-0331,garrault28@mit.edu,Gaylord Arrault
82,Becker Group,Sheffield,439-770-0818,rwais29@constantcontact.com,Roma Wais
83,Grant and Sons,Grenoble,229-260-8808,vbeades2a@tripadvisor.com,Valida Beades
84,Bradtke-Dare,Gibraltar,996-583-9594,cbirtonshaw2b@sciencedirect.com,Chet Birtonshaw
85,Smitham-Blanda,Huelva,237-111-3596,wwasiela2c@google.ru,Whitney Wasiela
86,"Dooley, Bayer and Kulas",Katowice,529-744-1333,amckerton2d@plala.or.jp,Adriano McKerton
87,Streich LLC,Arhus,564-735-2598,ghenzer2e@xrea.com,Godard Henzer
88,McLaughlin LLC,Birmingham,930-494-9687,dservant2f@imageshack.us,Denver Servant
89,"Stiedemann, Pagac and Walter",Turin,744-394-6977,bstowers2g@facebook.com,Briney Stowers
90,Mante-Hartmann,Kharkiv,141-164-5265,steal2h@mtv.com,Selie Teal
91,Hansen Inc,Bordeaux,475-946-6686,goldmeadow2i@infoseek.co.jp,Giuseppe Oldmeadow
92,"Grady, Dickens and Keeling",Seville,839-920-6093,imcardell2j@nationalgeographic.com,Isador McArdell
93,"Nicolas, Kuphal and Collier",Cherbourg,649-946-7505,gashpole2k@technorati.com,Gram Ashpole
94,Aufderhar Group,Chisinau,987-391-2026,avon2l@furl.net,Agneta Von Welden
95,Tremblay Inc,Kotor,255-179-0454,hfranzotto2m@slideshare.net,Harlie Franzotto
96,Funk LLC,Basel,355-108-1218,rdomsalla2n@msn.com,Randa Domsalla
97,Witting LLC,Bristol,826-695-9725,lde2o@amazon.com,Leigh De Biasi
98,Marquardt-Labadie,Hamm,117-962-6256,dde2p@tumblr.com,Donetta De la Harpe
99,Cruickshank and Sons,Canterbury,722-638-3516,nmothersdale2q@fda.gov,Norri Mothersdale
100,"Mohr, Heaney and Toy",Dijon,673-967-8017,ccheesley2r@pen.io,Cleveland Cheesley
101,"Kovacek, Thompson and Bosco",Groningen,520-147-9160,vpolye2s@discovery.com,Vernen Polye
102,Kutch and Sons,Toulouse,642-278-7268,ccollingworth2t@mlb.com,Craggy Collingworth
103,Ward Group,Hildesheim,569-102-2525,bcavaney2u@virginia.edu,Bernardine Cavaney
104,Keeling Group,Ansbach,534-483-3711,iwooffitt2v@over-blog.com,Inglebert Wooffitt
105,"Cronin, Glover and Corkery",Hoorn,658-500-0630,vcapstake2w@smh.com.au,Vail Capstake
106,Terry-Koss,Cracow,279-124-1239,oschust2x@usda.gov,Obadiah Schust
107,"Barrows, Wisozk and Bins",Guimaraes,760-278-7864,cklesl2y@npr.org,Carlene Klesl
108,Mertz-Luettgen,Brussels,410-551-5794,lbircher2z@fastcompany.com,Livia Bircher
109,"Quigley, Streich and Stroman",Palma,780-874-2453,dulyet30@bluehost.com,Dedra Ulyet
110,Dickinson-Breitenberg,Hamburg,965-926-3718,fmedley31@icio.us,Floris Medley
111,"Kertzmann, Raynor and Ward",Essen,558-741-8430,egoldson32@arizona.edu,Eada Goldson
112,Simonis-Gottlieb,Carlisle,134-814-4817,cmceniry33@ameblo.jp,Clyve McEniry
113,Bergnaum Inc,Rijeka,772-742-8881,mmachans34@epa.gov,Myrvyn Machans
114,Kiehn-Bradtke,Bucharest,264-398-7779,dcuer35@answers.com,Darnall Cuer
115,Quigley LLC,Cardiff,166-459-1164,dbuist36@zdnet.com,Dorotea Buist
116,Auer Group,Garmisch-Partenkirchen,689-386-0081,lcopper37@ebay.co.uk,Lou Copper
117,Schuppe Group,Karlovy Vary,291-925-3092,tlukasik38@bandcamp.com,Tobe Lukasik
118,Kris and Sons,Erlangen,908-524-4829,tfussen39@tamu.edu,Tedda Fussen
119,"Davis, Grimes and Rohan",Kalmar,227-840-3746,gannwyl3a@bloglovin.com,Gracia Annwyl
120,Murray-Douglas,Valletta,774-550-0724,bcaulier3b@hhs.gov,Breanne Caulier
121,"Huel, McCullough and Schuppe",Annecy,479-906-5072,ltimmons3c@zdnet.com,Lilli Timmons
122,"Fadel, Kassulke and Friesen",Krakow,811-182-8350,cmckeevers3d@bloglovin.com,Cheston McKeevers
123,"Schuppe, Hegmann and Batz",Florence,598-819-4363,erougier3e@moonfruit.com,Earl Rougier
124,"Hilll, Lemke and Grimes",Forli,421-313-5456,cbaldam3f@networksolutions.com,Casey Baldam
125,Berge Inc,Debrecen,745-481-4386,blafontaine3g@redcross.org,Bel Lafontaine
126,"Jones, Dare and Terry",Dublin,202-432-5138,amcquorkell3h@zimbio.com,Angil McQuorkell
127,Bosco Inc,Joensuu,282-906-6210,rde3i@mysql.com,Rosette De Freyne
128,"Doyle, Koss and Bernier",Rotterdam,460-545-1832,dbickerstasse3j@cam.ac.uk,Davis Bickerstasse
129,"Nikolaus, Hoeger and Reichert",Haarlem,618-657-2149,ccoudray3k@state.tx.us,Carmelia Coudray
130,Hermann-Lockman,Linz,509-916-8749,kbullent3l@reuters.com,Katharine Bullent
131,"Fay, Buckridge and Beer",Faro,937-720-5455,mmorton3m@mozilla.org,Mel Morton
132,Mohr-Keebler,Alicante,209-295-1291,gfirman3n@wired.com,Giselle Firman
133,Bechtelar-Will,Aachen,967-629-2322,lschankelborg3o@google.co.uk,Lorrie Schankelborg
134,Kihn-Windler,Paris,455-198-4423,onazaret3p@desdev.cn,Ottilie Nazaret
135,Koelpin-Williamson,Halle,989-497-2498,lhoodspeth3q@blinklist.com,Lucretia Hoodspeth
136,Bechtelar-Waters,Vienna,626-157-2076,fbredgeland3r@github.com,Fleur Bredgeland
137,Kulas and Sons,Stuttgart,780-572-7049,aprescote3s@twitpic.com,Alvera Prescote
138,Yost Group,Grenoble,424-728-9638,teyre3t@java.com,Torre Eyre
139,"Nader, Blanda and Turcotte",Leeds,934-682-5744,jshillabeer3u@sohu.com,Jan Shillabeer
140,West-Torp,Aberdeen,499-352-4907,clundy3v@amazon.com,Cristy Lundy
141,Waelchi-Quigley,Hirtshals,104-105-9575,dgaffey3w@google.it,Dru Gaffey
142,O'Conner and Sons,Geneva,944-559-7409,bpawlata3x@msu.edu,Bartlet Pawlata
143,Gleichner-Kassulke,Swansea,859-162-3192,akopf3y@github.com,Astrix Kopf
144,"Casper, Dicki and Keebler",Cluj-Napoca,197-419-0517,nlawling3z@cbsnews.com,Neddie Lawling
145,Legros Inc,Dortmund,549-656-4449,amoreside40@ed.gov,Antonino Moreside
146,Turner Inc,Gala?i,860-696-1766,cfebvre41@canalblog.com,Caitrin Febvre
147,Kessler-Sanford,Catania,469-619-9113,medsell42@meetup.com,Marcela Edsell
148,"Friesen, Turner and Stroman",Brno,270-782-1024,criddall43@blogger.com,Creigh Riddall
149,McKenzie LLC,Bialystok,457-680-4175,ajiran44@feedburner.com,Ansley Jiran
150,Hermiston-Boyle,Algeciras,881-931-3388,dfounds45@mapy.cz,Dolph Founds
151,Pfeffer and Sons,Heidelberg,930-841-3397,resley46@ebay.com,Roselia Esley
152,Greenholt and Sons,Essex,210-416-4043,hcobson47@comcast.net,Holt Cobson
153,"Cartwright, Wunsch and Bashirian",Angers,755-786-1810,srobillart48@flavors.me,Sharl Robillart
154,Ernser and Sons,Strasbourg,453-204-9458,pstelle49@wunderground.com,Peggy Stelle
155,Braun-Sporer,Imatra,553-132-7893,ckitcher4a@prweb.com,Cristobal Kitcher
156,"Jacobi, Gutkowski and Padberg",Hannover,541-538-6821,jryman4b@diigo.com,Johnny Ryman
157,"Schumm, Towne and Shanahan",Evora,713-158-9314,asellwood4c@sfgate.com,Abeu Sellwood
158,"Wintheiser, Considine and Shields",Donetsk,597-271-1164,mmichie4d@themeforest.net,Marieann Michie
159,Veum-Hilpert,Dusseldorf,349-416-1923,bprawle4e@youtu.be,Bogart Prawle
160,"Collins, Carroll and Casper",Erfurt,775-971-2646,twildbore4f@loc.gov,Todd Wildbore
161,Carter Inc,Ciutadella,777-540-4605,mruggier4g@list-manage.com,Molli Ruggier
162,"Gusikowski, Haag and Kulas",Figueira da Foz,165-251-5700,taslam4h@si.edu,Torrence Aslam
163,Rempel Inc,Milan,633-714-4262,mgeorge4i@elpais.com,Magdaia George
164,Kuhlman Group,Crotone,234-163-4291,rsparkes4j@printfriendly.com,Ramsey Sparkes
165,Braun and Sons,Hague,739-184-7721,ccastledine4k@hhs.gov,Claribel Castledine
166,"Nienow, Rath and Sporer",Eastbourne,160-801-5158,tvickerman4l@guardian.co.uk,Tiphani Vickerman
167,White-Bogan,Foggia,112-957-9530,givain4m@netvibes.com,Gusty Ivain
168,Durgan Group,Cordoba,365-815-4528,swoolsey4n@tamu.edu,Sam Woolsey
169,"Hessel, Mills and Kassulke",Minsk,282-172-3136,mmacdermid4o@phoca.cz,Mikey MacDermid
170,Farrell-Smith,Aveiro,437-601-0695,xtejero4p@squidoo.com,Xever Tejero
171,Gleichner LLC,Ferrara,487-751-5274,ssurfleet4q@blogtalkradio.com,Sergei Surfleet
172,"West, Mayert and Marquardt",Malaga,244-290-9141,mhiley4r@hc360.com,Maybelle Hiley
173,"Harber, Breitenberg and Rice",Zaragoza,988-344-5986,rfilintsev4s@aboutads.info,Rhea Filintsev
174,Hammes Group,Krakow,390-119-0545,tgerrie4t@hubpages.com,Tyne Gerrie
175,Dibbert LLC,Ljubljana,870-553-5230,rbrosi4u@freewebs.com,Reinaldo Brosi
176,Willms and Sons,Liverpool,494-975-2983,mwhiffin4v@samsung.com,Melodee Whiffin
177,Hartmann Inc,Verona,499-175-7672,gmoralas4w@google.nl,Gray Moralas
178,"McCullough, Block and Dietrich",Helsingborg,797-256-0381,cgallant4x@cbslocal.com,Chauncey Gallant
179,Nitzsche-Kuphal,Eindhoven,754-531-5031,btownsley4y@tripod.com,Breena Townsley
180,DuBuque Group,Copenhagen,595-776-6215,ccordelet4z@1und1.de,Clive Cordelet
181,"Cronin, Kuhlman and Ryan",Bratislava,803-775-5981,bfreyne50@ameblo.jp,Buck Freyne
182,"Gislason, Bashirian and Murazik",Craiova,312-636-4030,wkrugmann51@marriott.com,Windy Krugmann
183,Harber Inc,Braga,409-705-6931,mnelsen52@hud.gov,Marlene Nelsen
184,Denesik and Sons,Ioannina,570-367-2721,klawtey53@wikimedia.org,Kerry Lawtey
185,Jerde Inc,Bryansk,809-682-4807,skenna54@w3.org,Staford Kenna
186,Pagac-Thompson,Arad,163-874-3925,snobbs55@sakura.ne.jp,Shirlee Nobbs
187,Becker LLC,Berlin,134-790-1077,edulin56@netlog.com,Elenore Dulin
188,Blick Inc,Cambridge,876-670-8396,askeene57@1688.com,Annabella Skeene
189,"Kassulke, Waelchi and Ruecker",Tallinn,430-826-8233,tjinks58@cbslocal.com,Thorn Jinks
190,"Hettinger, Swift and Kub",Gdansk,498-409-4140,srasmus59@stanford.edu,Salem Rasmus
191,Roberts-Christiansen,Bucharest,507-455-8137,abaggott5a@yellowbook.com,Anatol Baggott
192,"Ruecker, Sporer and Adams",Innsbruck,537-631-2754,edredge5b@sphinn.com,Elnora Dredge
193,Hessel-Maggio,Cluj-Napoca,196-288-0170,gforder5c@jimdo.com,Goldi Forder
194,"Tromp, Champlin and Reinger",Durham,110-341-3445,nanthill5d@yellowbook.com,Ninnette Anthill
195,Predovic-Heidenreich,Madrid,981-711-1432,vwoodruff5e@dyndns.org,Viviana Woodruff
196,Gottlieb and Sons,Kalamata,789-969-0874,opawellek5f@buzzfeed.com,Oren Pawellek
197,"Mueller, Gorczany and Robel",Klaipeda,570-871-3669,sredd5g@samsung.com,Stanfield Redd
198,Cassin Inc,Guimaraes,134-118-8514,emyles5h@wordpress.org,Erick Myles
199,Fritsch LLC,Faro,353-578-5408,lbranscombe5i@ucla.edu,Laurella Branscombe
200,Parker Group,Kamnik,996-515-8595,jeagles5j@odnoklassniki.ru,Jilleen Eagles
201,Aufderhar-Raynor,Vilnius,585-982-0291,nadrienne5k@un.org,Netty Adrienne
202,"Kuhlman, Davis and Roob",Genoa,396-250-8418,ecranstone5l@yolasite.com,Edee Cranstone
203,"Miller, Reinger and Carter",Sibiu,535-518-8138,atriggel5m@yale.edu,Arron Triggel
204,Roberts Inc,Bergerac,129-774-8040,acampaigne5n@altervista.org,Ada Campaigne
205,Walsh Inc,Bydgoszcz,436-422-4100,hnorfolk5o@wunderground.com,Haywood Norfolk
206,Dibbert Inc,Athens,954-188-6249,smerriment5p@bigcartel.com,Shaylynn Merriment
207,"Price, Brown and Mitchell",Trondheim,423-380-7994,pwayland5q@i2i.jp,Pepi Wayland
208,Tillman Inc,Eskisehir,654-135-3030,mcheesley5r@rambler.ru,Maridel Cheesley
209,"Gerhold, Veum and Schmeler",Skopje,555-690-2295,khodgon5s@reuters.com,Kyla Hodgon
210,Durgan-O'Kon,Gandia,138-673-9787,adreamer5t@buzzfeed.com,Alix Dreamer
211,Nader-Goyette,Calais,272-560-8783,bpooly5u@flickr.com,Bell Pooly
212,Dickinson LLC,Corfu,458-747-3234,jgwillyam5v@reuters.com,Jacqueline Gwillyam
213,Hyatt-Hegmann,Florence,186-580-3887,emcaughtry5w@nhs.uk,Eustacia McAughtry
214,Bernhard Inc,Charleroi,882-237-6924,odrinkhall5x@goo.gl,Orazio Drinkhall
215,"Medhurst, Kihn and Tremblay",Bremen,587-767-2339,amacallester5y@nih.gov,Aurea MacAllester
216,Jones Group,Caen,281-837-9708,ocutriss5z@slate.com,Orin Cutriss
217,"Block, Armstrong and Schmeler",Constanta,445-679-3497,sredding60@constantcontact.com,Sonny Redding
218,"Feest, O'Connell and Berge",Istanbul,714-827-8079,olympenie61@xing.com,Obidiah Lympenie
219,Rau-Prosacco,Wroclaw,606-625-1813,maleso62@drupal.org,Miquela Aleso
220,"Luettgen, Green and Huel",Hamburg,141-569-7182,lfinn63@virginia.edu,Lyn Finn
221,Rutherford LLC,Zagreb,285-653-7853,wohoey64@google.co.uk,Wendel O'Hoey
222,"Strosin, Nienow and Koelpin",Kiel,671-182-2933,chaskayne65@wix.com,Carolyne Haskayne
223,Hauck-Wyman,Avignon,294-359-6435,fbrimacombe66@sfgate.com,Filmer Brimacombe
224,Orn-Little,Luxembourg,153-617-4905,swoodroof67@i2i.jp,Sapphira Woodroof
225,Cummerata and Sons,Salzburg,417-449-1855,kconwell68@360.cn,Kristoforo Conwell
226,Moen Group,Riga,476-790-8497,ccarder69@jiathis.com,Charlotte Carder
227,Grimes Group,Metz,919-453-6185,bthieme6a@wufoo.com,Breanne Thieme
228,Weber-Rolfson,Dunkirk,363-912-7274,kgyver6b@squarespace.com,Korney Gyver
229,"Heidenreich, Pouros and Mitchell",Barcelona,450-335-6706,cspoerl6c@infoseek.co.jp,Clemmie Spoerl
230,Jakubowski LLC,Cork,769-753-0640,dwaplinton6d@springer.com,Deeann Waplinton
231,Aufderhar-O'Connell,Lausanne,415-461-6550,celleyne6e@google.com.br,Cordie Elleyne
232,Hessel-Larkin,Antwerp,133-306-8404,mhaskins6f@bbb.org,Minny Haskins
233,"Tremblay, Weissnat and Morar",Lille,231-641-7252,sfrewer6g@bravesites.com,Saraann Frewer
234,Lockman Group,Nuremberg,271-222-3938,eseamon6h@shutterfly.com,Erich Seamon
235,Bergnaum LLC,Reykjavik,135-221-9132,sbroek6i@house.gov,Spencer Broek
236,"Parisian, Hammes and Littel",Exeter,352-543-0136,tkeningley6j@domainmarket.com,Tobe Keningley
237,Durgan-Littel,Montpellier,544-528-8147,njordi6k@biglobe.ne.jp,Nikki Jordi
238,O'Reilly-Von,Albufeira,424-330-6041,ealday6l@gnu.org,Edlin Alday
239,White LLC,Plovdiv,274-760-5259,mmordy6m@angelfire.com,Maximo Mordy
240,"Balistreri, Mitchell and Fisher",Saint Petersburg,284-205-0264,lnowakowski6n@squidoo.com,Lelia Nowakowski
241,Quitzon-Towne,Bruges,619-120-3044,tmeeson6o@slate.com,Trula Meeson
242,Rutherford Group,Nicosia,428-278-6960,dpilmoor6p@phoca.cz,Drona Pilmoor
243,Leannon-Ullrich,Ghent,478-832-9757,skinnoch6q@deviantart.com,Sib Kinnoch
244,"Durgan, Cummerata and Kuphal",Rome,619-654-8684,ngornar6r@furl.net,Neal Gornar
245,Fritsch LLC,Copenhagen,724-627-3807,prainon6s@liveinternet.ru,Pauline Rainon
246,Bahringer LLC,Warsaw,644-554-3418,jronnay6t@tiny.cc,Jeanelle Ronnay
247,Bernier Inc,Coimbra,178-701-5240,imostin6u@is.gd,Ivie Mostin
248,Windler LLC,Hannover,766-844-0125,bmclelland6v@patch.com,Boniface McLelland
249,"Padberg, Bode and Flatley",Girona,827-318-1361,scrake6w@cafepress.com,Steve Crake
250,"Dickens, Koss and Weissnat",Gorzow Wielkopolski,632-671-2913,cdohr6x@exblog.jp,Chev Dohr
251,"Dibbert, O'Kon and White",Chur,445-393-3732,kbarrett6y@amazon.de,Kerby Barrett
252,"Leannon, Moore and Bartoletti",Heraklion,733-926-9532,briba6z@pcworld.com,Biddie Riba
253,"Stiedemann, Schroeder and Bergnaum",Jelenia Gora,224-999-5738,jbemrose70@livejournal.com,Jamal Bemrose
254,Bartoletti Group,Vilnius,593-590-2312,amerrydew71@sourceforge.net,Al Merrydew
255,Hand and Sons,Asti,581-584-3205,kkuhnt72@slate.com,Kalil Kuhnt
256,Pacocha and Sons,Manchester,987-488-1954,jdunkley73@naver.com,Jessie Dunkley
257,Terry Inc,Maastricht,160-984-9158,bwinks74@so-net.ne.jp,Beverly Winks
258,"Baumbach, Denesik and Toy",Trieste,919-561-1118,eliversedge75@exblog.jp,Elita Liversedge
259,Wunsch LLC,Perth,706-917-2764,jodgaard76@jalbum.net,Julita Odgaard
260,Streich-Schiller,Crete,128-261-0955,lconnew77@flickr.com,Lyndsey Connew
261,Muller-Pagac,Bergamo,434-453-6302,csparrowhawk78@devhub.com,Cinda Sparrowhawk
262,Turcotte Group,Belfast,573-482-4223,kgreest79@washingtonpost.com,Ker Greest
263,Reynolds-Pfannerstill,Kazan,153-937-7604,ndourin7a@foxnews.com,Nadeen Dourin
264,Padberg-Fritsch,Dublin,206-629-3899,cbechley7b@usgs.gov,Candy Bechley
265,"Wuckert, Crooks and Daniel",Stavanger,730-818-1442,cfowley7c@mtv.com,Cece Fowley
266,"Heidenreich, Quitzon and Friesen",Lyon,643-677-8723,abungey7d@berkeley.edu,Andee Bungey
267,Wuckert-Walsh,Amsterdam,430-706-8960,gvasilyevski7e@nbcnews.com,Garvy Vasilyevski
268,Hyatt-Rogahn,Bregenz,897-309-7575,schampkin7f@netvibes.com,Shari Champkin
269,"Bednar, King and Senger",London,941-883-0017,swoodbridge7g@yellowpages.com,Selia Woodbridge
270,"Maggio, Emmerich and O'Keefe",Nantes,791-801-1616,yives7h@github.io,Yolanda Ives
271,"Dickinson, Johnston and Jones",Cork,280-197-9487,cheliet7i@qq.com,Cecilius Heliet
272,VonRueden-Heaney,Bremen,317-238-2402,ckaes7j@senate.gov,Corliss Kaes
273,Stokes-Dicki,Genoa,427-313-8762,rborthwick7k@taobao.com,Rosalynd Borthwick
274,Murphy-Quigley,Luxembourg,646-899-4092,ohadland7l@opensource.org,Olympe Hadland
275,Runolfsson Inc,Cascais,123-667-5443,redgworth7m@tripadvisor.com,Randal Edgworth
276,Pouros and Sons,Zurich,661-296-7333,kheaker7n@imageshack.us,Kipper Heaker
277,"Daugherty, Nitzsche and Kris",Duisburg,200-872-9706,akitchingman7o@bloglines.com,Auroora Kitchingman
278,"Moen, Haley and Marvin",Stockholm,688-508-6538,ohearty7p@tmall.com,Odille Hearty
279,Bayer-Wilderman,Belgrade,815-275-2078,rhexam7q@apple.com,Rosie Hexam
280,Pollich and Sons,Poznan,711-284-1089,dagiolfinger7r@miibeian.gov.cn,Doreen Agiolfinger
281,Carroll Group,Graz,769-566-3276,orouf7s@salon.com,Ofella Rouf
282,Lindgren and Sons,Cologne,912-218-3359,bjopson7t@t-online.de,Bailie Jopson
283,"VonRueden, Mayer and Satterfield",Helsinki,559-742-7067,efrossell7u@msu.edu,Ediva Frossell
284,"Bayer, Bauch and Harvey",Ibiza,109-878-6724,bkoschke7v@dailymotion.com,Barbie Koschke
285,"Zulauf, Hegmann and Mayert",Split,871-507-9568,cpaal7w@miibeian.gov.cn,Clemmy Paal
286,Hilll and Sons,Lisbon,592-272-9098,mmaylor7x@geocities.com,Maison Maylor
287,Hintz-Sanford,Freiburg,380-530-5560,zlynas7y@oracle.com,Zollie Lynas
288,Christiansen Inc,Dresden,833-264-7337,aquest7z@wufoo.com,Anastassia Quest
289,"Frami, Dach and Considine",Munich,549-223-8543,ccesconi80@infoseek.co.jp,Charlean Cesconi
290,Cassin and Sons,Charleroi,575-762-1162,vcanti81@businesswire.com,Vlad Canti
291,Stokes-Ward,Colmar,342-224-9964,mjaycox82@dyndns.org,Melita Jaycox
292,"Balistreri, Lueilwitz and Hintz",Amiens,580-694-3227,ttripp83@digg.com,Tressa Tripp
293,"Stamm, Donnelly and Ullrich",Kos,293-507-9229,fbordis84@meetup.com,Freddy Bordis
294,Welch-Hessel,Bourges,926-844-1871,ttivenan85@cyberchimps.com,Tobey Tivenan
295,Wiza-Braun,Bastia,268-606-8972,escrivinor86@meetup.com,Ethelda Scrivinor
296,Ullrich-Lakin,Gyor,917-850-0945,oharlick87@addthis.com,Onfroi Harlick
297,Langosh-Mann,Derby,299-267-5889,bwent88@xinhuanet.com,Brand Went
298,O'Conner-Conroy,Benidorm,332-782-3020,hcolvill89@cocolog-nifty.com,Halley Colvill
299,Lindgren-Reilly,Bologna,502-561-0302,chouldcroft8a@sun.com,Carey Houldcroft
300,Sauer-Baumbach,Dortmund,810-827-1036,nfairbeard8b@ycombinator.com,Newton Fairbeard
