idCarDealer,Company,City,Phone,Email,Manager
1,Carroll Inc,Gibraltar,219-501-4526,kerangy0@time.com,Karlie Erangy
2,Sipes-Kuphal,Dusseldorf,308-544-6036,lmote1@patch.com,Lurette Mote
3,"Stracke, Kilback and Koch",Irun,894-718-1863,bwickham2@state.gov,Bee Wickham
4,Kerluke LLC,Swansea,358-419-3645,wdarrow3@dot.gov,Walt Darrow
5,Sawayn Inc,Cambridge,794-825-5711,bbirk4@google.it,Bronson Birk
6,Aufderhar-Huels,Castellon,643-909-8562,rvan5@imdb.com,Raynard Van der Mark
7,Armstrong Inc,Dundee,310-961-2940,lpettecrew6@chronoengine.com,Lionel Pettecrew
8,"Sanford, Tillman and Johnston",Algeciras,736-367-2810,pginley7@economist.com,Paxon Ginley
9,Howe-Corwin,Leipzig,718-448-9335,kwillson8@shinystat.com,Kipp Willson
10,Boyer Inc,Coventry,442-971-1519,tbouette9@walmart.com,Theressa Bouette
11,Cormier and Sons,Vienna,335-554-4712,trosparsa@storify.com,Tatiana Rospars
12,Altenwerth-Langosh,Kazan,592-924-3564,mvinsenb@redcross.org,Micah Vinsen
13,Mayer LLC,Cracow,822-889-6911,cgallacherc@twitpic.com,Curr Gallacher
14,Ziemann and Sons,Birmingham,748-216-3342,cchasteld@msu.edu,Cart Chastel
15,Bruen and Sons,Harrogate,771-173-3675,ksellstrome@dedecms.com,Kailey Sellstrom
16,"Altenwerth, Howell and Friesen",Nantes,146-954-6096,dmcmoniesf@unc.edu,Dian McMonies
17,"Reichert, Zulauf and Price",Erfurt,716-378-1554,jfreddig@mapy.cz,Joletta Freddi
18,Ullrich Inc,Ciutadella,607-506-2057,kcrockh@sun.com,Kerry Crock
19,"Hirthe, Windler and McCullough",Nicosia,400-886-8880,supfoldi@springer.com,Sanderson Upfold
20,Osinski-Harvey,Amiens,874-335-7935,lribouj@deviantart.com,Linell Ribou
21,"Kris, Hayes and Walker",Garmisch-Partenkirchen,912-618-4121,bstodartk@microsoft.com,Belinda Stodart
22,"Kris, Kilback and Gislason",Ioannina,224-467-0330,ggroombridgel@over-blog.com,Ganny Groombridge
23,Klocko-Reynolds,Madrid,709-119-1764,dwrotchfordm@reuters.com,Dredi Wrotchford
24,Dickens-Connelly,Haugesund,346-202-0839,aholtn@wix.com,Ajay Holt
25,Beer-Hagenes,Angers,761-308-1542,agregoro@cocolog-nifty.com,Alick Gregor
26,Turcotte-Fritsch,Freiburg,804-204-5239,broachep@cdbaby.com,Benita Roache
27,McDermott-Mraz,Genoa,676-800-4908,imccollumq@php.net,Iver McCollum
28,Walter-Heidenreich,Chester,391-666-4305,swittr@diigo.com,Stacee Witt
29,Strosin-Hilll,Cluj-Napoca,975-969-5247,epotkins@purevolume.com,Ericka Potkin
30,Veum Inc,Stockholm,874-486-2240,obaylayt@bluehost.com,Obidiah Baylay
31,Gorczany LLC,Antwerp,623-505-9919,hmacguiganu@geocities.jp,Hermie MacGuigan
32,Crona-Glover,Hague,687-737-3575,uplayhillv@nytimes.com,Urson Playhill
33,Wolf LLC,Copenhagen,176-632-1658,crubensw@msn.com,Carole Rubens
34,Treutel-Keebler,Copenhagen,115-189-3758,dwilfingx@wikia.com,Ddene Wilfing
35,Doyle and Sons,Benidorm,595-325-3265,bcopsy@live.com,Ben Cops
36,Kerluke LLC,Catania,629-916-9872,mcolenuttz@joomla.org,Malvina Colenutt
37,"D'Amore, Prohaska and Heaney",Sheffield,100-365-3532,sreedie10@nba.com,Susanne Reedie
38,Walker Inc,Bourges,241-982-5448,tlimprecht11@prnewswire.com,Tara Limprecht
39,Kessler and Sons,Birmingham,920-308-5152,fgreensides12@bloglines.com,Felicdad Greensides
40,Lehner LLC,Hasselt,743-774-4023,wgiraudat13@un.org,Winne Giraudat
41,Stark Group,Bergamo,517-595-4462,cfanshawe14@paginegialle.it,Clementina Fanshawe
42,Bosco LLC,Hague,601-457-8124,kbellino15@craigslist.org,Kandace Bellino
43,Moore-Lemke,Aveiro,409-136-8161,smarder16@google.it,Sarge Marder
44,Strosin-Gottlieb,Hoorn,991-981-0509,lbladesmith17@homestead.com,Leonard Bladesmith
45,Kuhn-Corwin,Bremen,354-490-9414,dkaysor18@hao123.com,Davidde Kaysor
46,Sporer-Murray,Bordeaux,176-727-7767,ahallgate19@odnoklassniki.ru,Anthe Hallgate
47,"Yundt, Watsica and Terry",Grenoble,914-344-5130,gosorio1a@wisc.edu,Griffy Osorio
48,"Balistreri, Glover and Stehr",Z?rich,404-437-5143,jclines1b@opera.com,Josefa Clines
49,Gusikowski LLC,Riga,573-558-3086,cblackey1c@businessinsider.com,Carlen Blackey
50,"Bradtke, Pouros and Gutkowski",Cordoba,463-737-5623,ncastanho1d@fema.gov,Nancee Castanho
51,Gleason Inc,Alicante,407-320-5073,jwatkin1e@cnbc.com,Jobyna Watkin
52,"Buckridge, Abshire and Turcotte",Imatra,335-741-4905,cbutland1f@samsung.com,Cleve Butland
53,Koepp-Sporer,Cluj-Napoca,521-686-2236,gtabner1g@dell.com,Gusty Tabner
54,Prohaska-Gottlieb,Cherbourg,206-228-2536,vpirot1h@desdev.cn,Violet Pirot
55,McLaughlin-Kuhn,Montpellier,488-880-5451,dcadogan1i@bbb.org,Dorolice Cadogan
56,Gleichner-Mitchell,Innsbruck,450-812-9147,nminall1j@ycombinator.com,Nessie Minall
57,Rosenbaum Group,Turin,967-920-0012,egonnel1k@eventbrite.com,Ellissa Gonnel
58,Bartoletti Group,Kamnik,310-872-2752,bpoytres1l@miitbeian.gov.cn,Bibbye Poytres
59,Kutch-Beier,Liverpool,584-783-8044,ftrass1m@columbia.edu,Farica Trass
60,Lindgren-Beier,Berlin,593-657-4784,gtalbot1n@guardian.co.uk,Gilly Talbot
61,Schowalter-Rohan,Salzburg,546-543-8109,dseymark1o@yelp.com,Dena Seymark
62,"Kassulke, Reynolds and Beer",Palma,924-391-6761,amutlow1p@home.pl,Aldwin Mutlow
63,D'Amore-Dooley,Budapest,821-513-0150,jfranzke1q@amazon.co.jp,Jacklyn Franzke
64,Casper-Purdy,Bilbao,933-950-9012,ncaron1r@microsoft.com,Noe Caron
65,Altenwerth and Sons,Carlisle,143-114-3727,wcrispin1s@a8.net,Waylin Crispin
66,"Purdy, Kiehn and Emard",Saint Petersburg,944-440-3286,rcossell1t@nymag.com,Rafaello Cossell
67,Buckridge-Purdy,Badalona,437-257-4025,asorel1u@icq.com,Alejandrina Sorel
68,Pfeffer-Bartell,Asti,897-995-5544,mcarradice1v@techcrunch.com,Marlyn Carradice
69,Haag-Bruen,Bergerac,479-788-2615,mschlagman1w@4shared.com,Marnia Schlagman
70,Torphy Inc,Gyor,948-306-0729,mhallum1x@weather.com,Marne Hallum
71,Nitzsche LLC,Katowice,537-809-3840,teastman1y@yellowpages.com,Trent Eastman
72,Abernathy-Thompson,Florence,485-560-3084,dwitt1z@canalblog.com,De witt Standon
73,Gutmann and Sons,Oslo,561-520-4997,kalvin20@nature.com,Kai Alvin
74,"Jenkins, Heidenreich and Rolfson",Cologne,469-408-8810,preskelly21@boston.com,Paloma Reskelly
75,Lehner LLC,Bari,835-954-1455,alinck22@geocities.com,Alejandro Linck
76,"Shields, Schumm and Haag",Guimaraes,588-152-7124,eharuard23@wunderground.com,Emyle Haruard
77,"Turcotte, Marvin and Graham",Fontainebleau,555-671-3120,cgrayley24@usnews.com,Christie Grayley
78,Daniel Inc,Caen,464-595-3610,sperrygo25@1und1.de,Sheba Perrygo
79,"Buckridge, Hermann and Larkin",Hamburg,376-350-7107,emounter26@intel.com,Emelia Mounter
80,Roberts-Koss,Groningen,912-701-2154,sfarnell27@cafepress.com,Stephan Farnell
81,"Turner, Frami and Simonis",Hull,299-628-1060,bcail28@oaic.gov.au,Benedicto Cail
82,"Wehner, Douglas and Kozey",Split,627-429-4822,aclemencet29@telegraph.co.uk,Alexandre Clemencet
83,"Emmerich, Witting and Kessler",Coimbra,854-501-3179,fanyene2a@ed.gov,Fairfax Anyene
84,"Walker, Smith and Harber",Trieste,159-413-1227,mjannex2b@walmart.com,Matteo Jannex
85,"Maggio, Heathcote and Weissnat",Calvi,752-404-7003,avezey2c@cnbc.com,Aldwin Vezey
86,"Dickinson, Waters and Kshlerin",Dunkirk,672-590-9691,awyson2d@ezinearticles.com,Annette Wyson
87,Treutel and Sons,Krakow,151-199-5659,adeinhardt2e@163.com,Astra Deinhardt
88,Harvey LLC,Seville,149-731-7713,fcuddihy2f@netvibes.com,Fairleigh Cuddihy
89,"Kuhn, Kozey and Stiedemann",Innsbruck,437-174-5024,asille2g@miitbeian.gov.cn,Artie Sille
90,Leffler Inc,Belfast,634-192-5958,aglenfield2h@google.com,Alethea Glenfield
91,Zemlak-Conroy,Stuttgart,662-262-2405,snevett2i@guardian.co.uk,Sholom Nevett
92,Dietrich-Wisoky,Albufeira,571-960-9733,djelly2j@washington.edu,Dre Jelly
93,Blanda and Sons,Foggia,472-175-9937,rmeasom2k@feedburner.com,Rosalia Measom
94,Prohaska-Daugherty,Faro,118-476-8315,bjakubski2l@un.org,Brandy Jakubski
95,"Lindgren, Veum and Jacobson",Duisburg,507-203-6088,bivakin2m@goo.gl,Belia Ivakin
96,"Kutch, Paucek and Marquardt",Burgas,691-885-3765,bslot2n@pagesperso-orange.fr,Blanca Slot
97,Kris Group,Zurich,222-494-1032,scottill2o@blogspot.com,Sula Cottill
98,"Jast, Jacobson and Heller",Bruges,746-361-1752,rlivzey2p@etsy.com,Roddy Livzey
99,"Dach, Gleichner and Nitzsche",Nuremberg,716-808-5063,bgumbley2q@drupal.org,Brandie Gumbley
100,Kirlin-Cole,Evora,813-864-0676,lblamey2r@ezinearticles.com,Lucinda Blamey
101,Bradtke-Deckow,Dublin,477-499-4051,adomelow2s@tuttocitta.it,Alva Domelow
102,Rempel-Breitenberg,Calais,372-757-6298,bledger2t@pcworld.com,Brena Ledger
103,"Bogan, Hilll and Sipes",Dresden,924-444-9588,rstanden2u@wiley.com,Raynard Standen
104,Ortiz Group,Warsaw,338-549-3411,tawde2v@who.int,Tessa Awde
105,Powlowski-Lubowitz,Marseille,529-640-1258,ubofield2w@amazon.com,Ursola Bofield
106,Emmerich-Romaguera,Kefalonia,361-780-5383,psouthwood2x@huffingtonpost.com,Pembroke Southwood
107,"Cole, Graham and Hoeger",Perth,963-982-1198,rmerrall2y@surveymonkey.com,Ranice Merrall
108,Cassin Inc,Duisburg,443-803-2499,imchenry2z@blogspot.com,Ingemar McHenry
109,Champlin LLC,Dresden,916-611-0757,dprobyn30@qq.com,Davin Probyn
110,Legros Inc,Aberdeen,232-595-1649,btrulock31@hibu.com,Bride Trulock
111,Gibson-Bahringer,Paris,878-227-8138,cblum32@wordpress.com,Codie Blum
112,"Hermann, Quigley and Ritchie",Hannover,133-783-9805,gpallis33@columbia.edu,Gannie Pallis
113,Conn Group,Rotterdam,633-205-6202,sjacketts34@ocn.ne.jp,Stafford Jacketts
114,Hansen-Shields,Brussels,452-432-5873,fmcsporon35@diigo.com,Fonzie McSporon
115,Schumm-Lynch,Poznan,227-733-5379,kshearsby36@geocities.com,Karim Shearsby
116,Ebert-Hansen,Eskisehir,791-426-0708,rblackhall37@google.co.uk,Roselle Blackhall
117,Rice-Bergnaum,Moscow,237-866-4779,cardern38@360.cn,Celine Ardern
118,"Lynch, Hand and Toy",Kharkiv,488-861-7495,fgunter39@skyrock.com,Freda Gunter
119,Lemke Inc,Durham,806-691-8307,jshakesby3a@tuttocitta.it,Janice Shakesby
120,"Krajcik, Emard and Schmitt",Braga,282-189-3913,ghughill3b@devhub.com,Goldia Hughill
121,Zieme Inc,Essen,506-694-5597,bdyson3c@spiegel.de,Broderick Dyson
122,"Lynch, Emard and Breitenberg",Limerick,491-993-9000,gwedge3d@liveinternet.ru,Gates Wedge
123,McGlynn LLC,Bryansk,265-511-2677,vpairpoint3e@jiathis.com,Valentin Pairpoint
124,Moen LLC,Figueira da Foz,646-948-7286,mgiblin3f@walmart.com,Melesa Giblin
125,"Gibson, Friesen and Mraz",Istanbul,636-765-2601,jlumber3g@netlog.com,Jacklyn Lumber
126,"Hane, Hegmann and McClure",Helsinki,938-644-4082,bmalcolm3h@msu.edu,Beulah Malcolm
127,"Senger, Schoen and Ward",Kiev,995-671-3870,lreasce3i@oakley.com,Letizia Reasce
128,Hand LLC,Odessa,741-448-8280,jwaterstone3j@timesonline.co.uk,Jobey Waterstone
129,"Sawayn, Collins and Borer",Aarhus,838-478-8247,wewell3k@hubpages.com,Winifield Ewell
130,Runolfsdottir-Stark,Cork,166-346-2238,mbricknell3l@booking.com,Morgana Bricknell
131,Nolan LLC,Reykjavik,297-356-6699,lalred3m@diigo.com,Linnie Alred
132,"Cassin, Pouros and Sauer",Helsingborg,908-670-7304,iquenell3n@nature.com,Ilene Quenell
133,Anderson and Sons,Grenoble,620-889-0756,rralphs3o@is.gd,Romy Ralphs
134,"Ziemann, Kuvalis and Homenick",Bucharest,972-763-2993,htighe3p@networksolutions.com,Hannah Tighe
135,"Ward, Gutmann and Wilderman",Essex,709-153-3104,amungane3q@hubpages.com,Arnaldo Mungane
136,"Lowe, Rutherford and Veum",Erlangen,485-497-5840,jsimoneschi3r@reverbnation.com,Jeniffer Simoneschi
137,Abbott-Hauck,Cardiff,489-661-7793,tgaddesby3s@wiley.com,Tiena Gaddesby
138,Beier Inc,Ljubljana,510-453-4562,gpurcer3t@usa.gov,Gus Purcer
139,Ortiz-Jacobi,Avignon,945-578-8022,jsilverston3u@dot.gov,Joyan Silverston
140,Hartmann-Stoltenberg,Sibiu,418-701-8440,esacco3v@wisc.edu,Evonne Sacco
141,"Blanda, Bashirian and Herman",Chur,740-838-3522,smallia3w@whitehouse.gov,Sam Mallia
142,Kessler-Veum,Frankfurt,987-885-1723,ltreweela3x@elpais.com,Leonid Treweela
143,Padberg-Miller,Eindhoven,335-564-4714,fparadis3y@howstuffworks.com,Farrel Paradis
144,Lowe-Mann,Charleroi,985-931-7938,efulle3z@ebay.com,Edeline Fulle
145,Maggio-Davis,Dortmund,785-612-2493,rentissle40@blogger.com,Rachelle Entissle
146,"Weber, Dach and Nicolas",Haarlem,294-943-8659,hmilburne41@about.me,Humfried Milburne
147,"Quitzon, McDermott and Rutherford",Funchal,554-552-3000,asissot42@ucoz.ru,Amelia Sissot
148,Casper-Kunde,Geneva,897-102-6824,dwigelsworth43@instagram.com,Dexter Wigelsworth
149,"Kovacek, Runte and Bogisich",Brussels,831-569-7450,vwardingly44@hp.com,Valentino Wardingly
150,Sipes-Marvin,Dortmund,322-333-3701,canselm45@soundcloud.com,Collete Anselm
151,"Cartwright, McDermott and Koss",Chania,454-505-4395,dblonden46@yandex.ru,Devin Blonden
152,"Runolfsdottir, Mueller and Harvey",Tallinn,249-180-2086,rgissop47@chron.com,Red Gissop
153,"Little, Ziemann and Klein",Valletta,900-122-1074,mscandroot48@umich.edu,Mike Scandroot
154,"Tillman, Schaden and Beatty",Cascais,198-687-3747,ajarry49@wisc.edu,Ardenia Jarry
155,"Beer, Abbott and Hagenes",Dusseldorf,445-805-0258,prickarsey4a@nymag.com,Pat Rickarsey
156,Bergnaum Group,Constanta,821-611-0291,dauchterlonie4b@wiley.com,Dennie Auchterlonie
157,Bechtelar Inc,Arad,700-826-2052,cjoubert4c@360.cn,Carolina Joubert
158,Welch and Sons,Zagreb,130-334-6859,esaffen4d@opera.com,Ermanno Saffen
159,Emard-Heathcote,Lille,976-556-5081,ajoska4e@bloglovin.com,Alano Joska
160,Hoeger Group,Kalmar,414-896-9547,rkenneway4f@ask.com,Raul Kenneway
161,"Boyer, Macejkovic and Wilderman",Klaipeda,131-625-0692,cmahaddie4g@myspace.com,Cull Mahaddie
162,"Ferry, Graham and Dooley",Glasgow,509-212-2811,fshafe4h@ft.com,Federico Shafe
163,Lesch-Heller,Lisbon,978-980-8530,apartington4i@hao123.com,Aeriel Partington
164,Cremin Inc,Sarajevo,489-812-8012,nbrigg4j@phoca.cz,Nahum Brigg
165,Block-Nikolaus,Bucharest,973-699-3635,spalfrie4k@github.com,Sharline Palfrie
166,Mann-McDermott,Skopje,308-469-8070,oplacidi4l@newsvine.com,Onfroi Placidi
167,Wyman LLC,Chambery,490-119-8314,mmcgrowther4m@netvibes.com,Marget McGrowther
168,Quitzon and Sons,Rome,726-538-6739,ktremain4n@networkadvertising.org,Kelbee Tremain
169,Schmeler-Hayes,Bialystok,755-849-7351,dabbotts4o@ask.com,Delores Abbotts
170,Goodwin and Sons,Budapest,467-302-5396,helias4p@bing.com,Harlin Elias
171,"Ratke, Trantow and Runolfsson",Huelva,406-244-5908,pvinick4q@opera.com,Pace Vinick
172,"Cummings, Shanahan and Hills",Verona,932-558-7139,gvaggs4r@globo.com,Gunther Vaggs
173,Marquardt-Kuvalis,Valencia,509-814-5326,hthombleson4s@printfriendly.com,Hollis Thombleson
174,O'Hara-Davis,Rotterdam,796-498-9273,dcaveney4t@fastcompany.com,Danita Caveney
175,Mohr LLC,Hirtshals,196-971-4777,rmaccarrane4u@bloglovin.com,Rochelle MacCarrane
176,Bartoletti and Sons,Palermo,544-638-4470,lle4v@wordpress.com,Lamond Le febre
177,Turcotte Inc,Annecy,448-665-1722,gmarrow4w@reddit.com,Gino Marrow
178,"Doyle, Howell and Langosh",Strasbourg,519-789-4952,afahey4x@prnewswire.com,Austin Fahey
179,Johns LLC,Bergen,928-352-1066,hvan4y@irs.gov,Hesther Van Dijk
180,"Murphy, McCullough and Gulgowski",Sofia,431-551-6707,bgillum4z@vkontakte.ru,Biddy Gillum
181,Schuster-Dickens,Hamm,323-619-2949,brickson50@fotki.com,Bartolomeo Rickson
182,Hoppe-Flatley,Granada,151-233-9401,dwaterstone51@symantec.com,Dyanna Waterstone
183,Mayer Group,Ferrara,268-714-7764,dtilt52@techcrunch.com,Dayle Tilt
184,"Goodwin, Schuppe and O'Kon",Jelenia Gora,439-499-3924,cshipley53@oakley.com,Charmion Shipley
185,Pacocha-Ullrich,Aalborg,779-954-3692,mfenelow54@macromedia.com,Moyna Fenelow
186,Becker LLC,Luxembourg,646-456-3043,jbirkhead55@miitbeian.gov.cn,Johannah Birkhead
187,Deckow Inc,Genoa,271-546-5531,acoling56@issuu.com,Anders Coling
188,Walker LLC,Milan,492-897-1750,sruggier57@yellowbook.com,Steve Ruggier
189,"Lemke, Reynolds and Crist",Dublin,943-336-0367,fmccandie58@mlb.com,Flory McCandie
190,Mann-Kutch,Athens,516-420-7068,dshercliff59@forbes.com,Dacia Shercliff
191,Skiles Inc,Gorzow Wielkopolski,562-967-7540,rbalston5a@scribd.com,Rickert Balston
192,"Quigley, Schroeder and Rosenbaum",Jersey,694-378-1019,cgiurio5b@yellowpages.com,Carolann Giurio
193,Doyle-Sawayn,Kos,455-673-9532,evalenssmith5c@yolasite.com,Eydie Valens-Smith
194,"Turner, Pollich and Jacobi",Tallinn,818-212-8388,smquharg5d@sakura.ne.jp,Shep M'Quharg
195,Dickens Inc,Gandia,294-947-2658,ltrustey5e@stumbleupon.com,Liva Trustey
196,Hahn-Nitzsche,Karlovy Vary,867-256-8782,sflindall5f@netscape.com,Stacy Flindall
197,Collins and Sons,Istanbul,850-864-8899,msmewin5g@posterous.com,Margalo Smewin
198,Senger Group,Helsinki,142-241-1386,ehug5h@cocolog-nifty.com,Elmer Hug
199,Lesch and Sons,Prague,827-735-4830,legan5i@chron.com,Leonard Egan
200,Wehner and Sons,Hildesheim,822-306-9860,fbillie5j@census.gov,Fannie Billie
201,"Fadel, Bernier and Wehner",Gdansk,990-290-4065,scranefield5k@bbc.co.uk,Samuele Cranefield
202,"Marquardt, Schmeler and Gusikowski",London,948-604-6057,mdurram5l@apple.com,Maudie Durram
203,"Hirthe, Klocko and O'Connell",Clermont-Ferrand,382-448-8875,kgunby5m@bizjournals.com,Karney Gunby
204,"Gusikowski, Moen and Jerde",Arhus,792-200-7094,bharman5n@typepad.com,Beatrisa Harman
205,Gerhold-Cummings,Ankara,643-293-3065,amacias5o@blogtalkradio.com,Alberta Macias
206,Mann-Kunze,Gala?i,575-503-5659,akorous5p@mashable.com,Ardyth Korous
207,"Herman, Hermann and Sawayn",Craiova,188-426-8032,rhulmes5q@gmpg.org,Rhoda Hulmes
208,Block-Armstrong,Katowice,157-255-6574,kborris5r@icq.com,Kalvin Borris
209,Hand-Johnson,Stavanger,331-456-2112,ktinham5s@sfgate.com,Kippy Tinham
210,Schoen-Cormier,Heidelberg,274-655-7028,mcantos5t@hatena.ne.jp,Murdock Cantos
211,Kilback Group,Malaga,715-996-1941,tdutnell5u@telegraph.co.uk,Tanhya Dutnell
212,Braun Inc,Bratislava,379-296-3720,damort5v@infoseek.co.jp,Donica Amort
213,Macejkovic-Ebert,Bastia,218-361-1484,smatura5w@sun.com,Starlene Matura
214,Batz-O'Conner,Halle,131-476-0762,dzuenelli5x@oaic.gov.au,Der Zuenelli
215,Langworth Group,Florence,632-887-3130,mstreets5y@sfgate.com,Mervin Streets
216,Aufderhar LLC,Bologna,219-599-3932,anorwood5z@dailymotion.com,Augustin Norwood
217,Pacocha LLC,Ibiza,521-255-6543,pcompton60@blogs.com,Petunia Compton
218,Gleichner Inc,Belgrade,179-936-0534,harter61@sbwire.com,Helge Arter
219,"Cruickshank, Mante and Bashirian",Cork,386-134-9112,njoscelin62@businessweek.com,Nina Joscelin
220,"Wehner, Kirlin and Weissnat",Bremen,118-212-0172,jdowber63@google.com,Jordan Dowber
221,Marks-Turner,Utrecht,476-976-3254,emessruther64@lycos.com,Esmaria Messruther
222,Kessler Inc,Trondheim,663-196-5518,kblankhorn65@cam.ac.uk,Karol Blankhorn
223,Lowe LLC,Forli,701-106-0291,hgoude66@dot.gov,Hunt Goude
224,Anderson and Sons,Amsterdam,662-757-5381,ecraister67@sciencedaily.com,Elnar Craister
225,Ortiz-Abshire,Lausanne,438-909-1998,bkippin68@stanford.edu,Benji Kippin
226,Schroeder and Sons,Gothenburg,624-735-7109,jweatherhill69@youku.com,Jinny Weatherhill
227,Mueller LLC,Bristol,449-983-9714,hrablan6a@diigo.com,Hurleigh Rablan
228,Toy-Wilkinson,Edinburgh,798-785-8746,sdurdy6b@wufoo.com,Shalom Durdy
229,"Hartmann, Prosacco and Mayer",Edinburgh,295-106-4725,sfernez6c@51.la,Stefanie Fernez
230,Ferry and Sons,Bayonne,177-416-2945,bwardingly6d@constantcontact.com,Betsy Wardingly
231,"Witting, Hauck and Corkery",Chisinau,156-204-7902,jgabitis6e@examiner.com,Janela Gabitis
232,Schowalter-Morissette,Eastbourne,723-861-8369,tmasdin6f@narod.ru,Tymothy Masdin
233,Christiansen-Lakin,Corfu,357-507-3465,dperacco6g@bravesites.com,Davy Peracco
234,Pfannerstill-Kertzmann,Dijon,336-607-7195,hcurnick6h@cargocollective.com,Hedwiga Curnick
235,Emmerich and Sons,Guimaraes,713-987-0100,bcolles6i@i2i.jp,Bettina Colles
236,Mertz-Doyle,Plovdiv,215-609-4394,ssammes6j@dagondesign.com,Sosanna Sammes
237,Raynor-Kovacek,Manchester,741-115-4216,ngiacubbo6k@imageshack.us,Nedi Giacubbo
238,"Brakus, Bogisich and Little",Minsk,847-891-3286,dblackborow6l@mtv.com,Dorri Blackborow
239,Hermiston and Sons,Kiel,313-405-6348,mradloff6m@biglobe.ne.jp,Milissent Radloff
240,Jerde-Schinner,Barcelona,144-355-0819,bshilliday6n@cbsnews.com,Bartholomew Shilliday
241,"Rath, Beer and Carter",Kiel,749-427-8160,treadhead6o@usnews.com,Tessy Readhead
242,Jast-Stamm,Vilnius,301-723-5680,aandryszczak6p@pbs.org,Auberta Andryszczak
243,Block Inc,Debrecen,359-994-6396,dhucker6q@nydailynews.com,Dael Hucker
244,"Harber, Block and Prohaska",Bologna,535-742-4043,mtabourin6r@diigo.com,Mattheus Tabourin
245,Streich-Rohan,Bydgoszcz,167-749-2351,fcrowche6s@macromedia.com,Feodor Crowche
246,Mosciski-Dooley,Faro,860-461-7078,nmcevay6t@domainmarket.com,Nickolaus McEvay
247,"McKenzie, Lang and Larkin",Nice,327-559-1216,jalred6u@sbwire.com,Joe Alred
248,Rempel-Weimann,Wroclaw,882-220-3440,hvasilischev6v@abc.net.au,Henryetta Vasilischev
249,"Corkery, Prohaska and Smith",Linz,394-559-0934,gwoodfine6w@webs.com,Glenine Woodfine
250,"Runolfsdottir, Hoppe and Block",Zaragoza,173-671-1258,pgriggs6x@arizona.edu,Pembroke Griggs
251,"Hammes, Volkman and Ledner",Lyon,334-929-6332,awoodhead6y@twitter.com,Adore Woodhead
252,Koch Group,Frankfurt,118-359-7470,amandrier6z@delicious.com,Ashleigh Mandrier
253,"Kuvalis, Blick and Windler",Kalamata,970-920-5992,ringry70@yandex.ru,Raimundo Ingry
254,Koepp-Ferry,Exeter,417-650-1507,skliemann71@nbcnews.com,Shaine Kliemann
255,Wolf Group,Ansbach,692-631-6744,gbowdrey72@sfgate.com,Gretal Bowdrey
256,"Hegmann, Dach and Beatty",Colchester,738-942-4855,jtoor73@netlog.com,Jose Toor
257,"Mitchell, Schulist and Howe",Kotor,768-677-2346,rwillder74@jugem.jp,Rinaldo Willder
258,"Lubowitz, Douglas and Huels",Kaliningrad,372-148-9125,eashton75@twitter.com,Ellery Ashton
259,Goyette-Gerhold,Izmir,328-811-7238,mhainning76@businessinsider.com,Megan Hainning
260,Haley and Sons,Eindhoven,516-424-8529,casbury77@dailymotion.com,Costanza Asbury
261,Ullrich LLC,Crotone,456-759-4639,bcaplin78@artisteer.com,Bobine Caplin
262,"White, Mosciski and King",Cardiff,786-680-7770,rgetcliff79@mysql.com,Rafaelita Getcliff
263,"Fritsch, Toy and Wiegand",Metz,484-967-2351,adsouza7a@cmu.edu,Aguie D'Souza
264,Ziemann LLC,Bratislava,454-933-9141,mruffles7b@people.com.cn,Max Ruffles
265,Orn Group,Toulouse,374-453-2218,kloukes7c@vinaora.com,Kania Loukes
266,Moen and Sons,Hamburg,651-806-5457,sstemp7d@woothemes.com,Sheelah Stemp
267,Mann and Sons,Ghent,375-647-4995,mhaet7e@netlog.com,Mischa Haet
268,Altenwerth LLC,Hannover,491-386-4933,nladlow7f@jigsy.com,Noni Ladlow
269,"Mayert, Blick and Lemke",Heraklion,890-294-5345,hivashev7g@tinypic.com,Helenka Ivashev
270,Anderson and Sons,Derby,257-539-2077,mscreech7h@foxnews.com,Marybelle Screech
271,Thiel Group,Crete,689-349-9822,eharmson7i@ovh.net,Eliot Harmson
272,Boyer LLC,Maastricht,115-274-6050,smacian7j@nih.gov,Shara MacIan
273,"Fay, Douglas and Ernser",Graz,427-713-0741,gsinclair7k@cargocollective.com,Geri Sinclair
274,Orn-Wintheiser,Groningen,249-338-0850,lgandey7l@biblegateway.com,Lianne Gandey
275,Abernathy-Armstrong,Klaipeda,139-966-0632,kdumbelton7m@buzzfeed.com,Kimmie Dumbelton
276,"Mosciski, Hammes and Tremblay",Bordeaux,701-554-4438,etockell7n@patch.com,Engelbert Tockell
277,Ortiz Inc,Basel,714-585-1315,hnoquet7o@vkontakte.ru,Hollie Noquet
278,Herzog and Sons,Lodz,451-490-6752,wjouannisson7p@foxnews.com,Witty Jouannisson
279,Schaden-Koss,Tirana,317-645-5662,cchriston7q@ftc.gov,Clarette Christon
280,"Kilback, Kling and Balistreri",Canterbury,161-487-7242,rde7r@gov.uk,Ralf De Meyer
281,Purdy Group,Aachen,573-589-7619,cleroux7s@pagesperso-orange.fr,Clayborne Leroux
282,Mayer Inc,Krakow,339-876-3829,bcruikshank7t@xrea.com,Bevon Cruikshank
283,Kulas and Sons,Munich,364-998-0517,nwannes7u@rambler.ru,Neddy Wannes
284,Shanahan Inc,Luxembourg,276-468-3538,bwaszkiewicz7v@ebay.co.uk,Barbie Waszkiewicz
285,Emard-Purdy,Bregenz,562-658-0505,nwarcup7w@businesswire.com,Niki Warcup
286,"Oberbrunner, Fadel and Macejkovic",Donetsk,667-572-7287,gilchuk7x@microsoft.com,Geneva Ilchuk
287,"Reilly, Weimann and Rice",Elche,593-181-0040,cmccroary7y@sitemeter.com,Christopher McCroary
288,Gusikowski and Sons,Vilnius,482-871-3710,mburkhill7z@dropbox.com,Maire Burkhill
289,Lowe-Jacobs,Porto,869-254-8963,rrostron80@vistaprint.com,Richmound Rostron
290,Bradtke-Crona,Charleroi,663-145-4476,vbatalini81@bravesites.com,Valera Batalini
291,"Tromp, Leuschke and Hand",Czestochowa,344-969-6220,opringuer82@ezinearticles.com,Opaline Pringuer
292,Schmidt-Sauer,Thessaloniki,470-493-8424,imerrgen83@forbes.com,Inglis Merrgen
293,Jacobs Inc,Brno,876-388-3923,mserfati84@vistaprint.com,Mitchael Serfati
294,Morissette-Jakubowski,Joensuu,528-485-7657,mivanusyev85@google.ru,Marleah Ivanusyev
295,"Sipes, Lehner and Mraz",Rijeka,625-798-5904,pwincer86@theglobeandmail.com,Prentice Wincer
296,Tromp Group,Naples,879-191-5963,hbowman87@xinhuanet.com,Heriberto Bowman
297,Russel-Purdy,Geneva,461-965-5475,jsolomonides88@123-reg.co.uk,Josepha Solomonides
298,Rowe-Bahringer,Colmar,573-124-7720,ndundridge89@i2i.jp,Nara Dundridge
299,"Jerde, Kozey and Gutkowski",Girona,216-422-0520,dmanthroppe8a@digg.com,Davine Manthroppe
300,Haag-Schimmel,Leeds,178-873-1950,haustick8b@vkontakte.ru,Harrietta Austick
